id,title,score,upvote_ratio,created_utc,author,num_comments,permalink,url,is_self,selftext,link_flair_text,over_18
1jttyns,Early Pregnancy as T1 Diabetic,2,1.0,2025-04-07 15:29:16,lizc415,0,/r/diabetes/comments/1jttyns/early_pregnancy_as_t1_diabetic/,https://www.reddit.com/r/diabetes/comments/1jttyns/early_pregnancy_as_t1_diabetic/,True,"Just got our first beta hcG results at 9 days after a frozen embryo transfer, and it is only 34. 

Read a couple studies and it looks like diabetic women **usually** have lower hcG levels than non diabetics...is this something anyone can validate? Has anyone else here experienced this and then had successful pregnancy? 

Thanks",Type 1.5/LADA,False
1jttef5,Preferred BGM?,1,1.0,2025-04-07 15:06:35,Expired_Mayo63,2,/r/diabetes/comments/1jttef5/preferred_bgm/,https://www.reddit.com/r/diabetes/comments/1jttef5/preferred_bgm/,True,"Hi everyone, Iâ€™ve been a diabetic for 2 years now and I use a CGM but I always have a BGM on me in case of emergencies (one time I had my Cgm ripped off while out so I donâ€™t leave the house without one now) and I was just curious what everyone else used? I use the Abott freestyle precision neo. I felt like the device and strips were reasonably priced and when pretty accurate. I care more about accuracy than price but also donâ€™t want to spend a crazy amount on strips that realistically I wonâ€™t use them all because of my Dexcom. ",Type 1,False
1jtt7we,G7 Problems around 9th day.,1,1.0,2025-04-07 14:59:43,Mr_Bill_S,2,/r/diabetes/comments/1jtt7we/g7_problems_around_9th_day/,https://www.reddit.com/r/diabetes/comments/1jtt7we/g7_problems_around_9th_day/,True,Iâ€™ve been on the G7 for about two years. So I get my sensors from Caremark (CVS mail order) so a 3 month supply. The last couple of orders I get problems with a couple of meters. Somewhere around the 9th day or so my readings seem to drop very low in like the 50â€™s or I get sensor issues. Iâ€™ve checked my sugar when I get those notifications with a accu-check guide me meter and Iâ€™m constantly higher like in the 90â€™s or so. Is this widespread? Can anything be done? I donâ€™t usually calibrate the sensor because theyâ€™ve been good starting out. ,Type 2,False
1jtsqcq,Any insulin controlled runners here?,1,1.0,2025-04-07 14:39:42,Severe_Ad428,3,/r/diabetes/comments/1jtsqcq/any_insulin_controlled_runners_here/,https://www.reddit.com/r/diabetes/comments/1jtsqcq/any_insulin_controlled_runners_here/,True,"Hey guys,  I'm an insulin controlled T2, and getting back in shape.  I'm starting to run again, but looking for suggestions for something to carry supplies with me during the run.  I've got a pocket on my compression shorts that holds my phone, which connects to my CGM.  However, if I hit a crazy low while I'm out, I have nothing with me to help counteract it.  Wondering if I should be carrying regular supplies with me, and if so, if there are any affordable recommendations for what type of gear to carry it in.

  
TIA!",Supplies,False
1jtr5n0,Recommendations for protein powder,2,0.75,2025-04-07 13:36:07,RandomThyme,1,/r/diabetes/comments/1jtr5n0/recommendations_for_protein_powder/,https://www.reddit.com/r/diabetes/comments/1jtr5n0/recommendations_for_protein_powder/,True,"I'm looking for your protein powder recommendations. I will primarily be mixing it into Greek yogurt. Looking for primarily vanilla or unflavored but will take any recommendations. Bonus points for affordability.
",Discussion,False
1jtq6r2,how do you manage to keep omnipod 5 attached to your body?,1,1.0,2025-04-07 12:57:15,pinkiinthenights,3,/r/diabetes/comments/1jtq6r2/how_do_you_manage_to_keep_omnipod_5_attached_to/,https://www.reddit.com/r/diabetes/comments/1jtq6r2/how_do_you_manage_to_keep_omnipod_5_attached_to/,True,"i recently got diagnosed with diabetes & i have been using omnipod 5 since a couple weeks ago. i bought some patches but honestly they arenâ€™t helping. when i apply it on my legs or stomach it lasts a maximum of 48 hours. sometimes itâ€™s my fault bc im not used to it, but others i could be completely still and it comes off on its own ðŸ¥²",Type 1,False
1jtpfti,Ice cream alternatives?,2,0.67,2025-04-07 12:26:36,Majestic-Work-7695,26,/r/diabetes/comments/1jtpfti/ice_cream_alternatives/,https://www.reddit.com/r/diabetes/comments/1jtpfti/ice_cream_alternatives/,True,"Has anyone successfully made an ice cream alternative that doesn't spike their sugar? 

My dad has T2 and is addicted to ice cream. In addition to being high in sugar, nowadays it has mysterious chemicals, oils and corn syrups, with even replacing the cream and sugar. At this point, I think it'd be healthier to make a simple homemade ice cream. He also likes lemon ices and would eat sorbet, but I bet blended fruits can also cause a spike. Even so, I rather chose the lesser of two evils if there is one. If he doesn't find an enjoyable alternative, he will continue to eat this garbage.

Edit: Thank you all for the wonderful alternatives! Lots of good options here, it makes me hopeful :)",Type 2,False
1jtniqy,So close to 24 hrs in range!,11,1.0,2025-04-07 11:07:22,Xzact112,0,/r/diabetes/comments/1jtniqy/so_close_to_24_hrs_in_range/,https://www.reddit.com/gallery/1jtniqy,False,,Type 1,False
1jtimfl,Troubles with morning glucose levels,4,1.0,2025-04-07 07:07:21,skupson011,3,/r/diabetes/comments/1jtimfl/troubles_with_morning_glucose_levels/,https://www.reddit.com/gallery/1jtimfl,False,,Type 1,False
1jthv0t,"changing lancets after every blood sugar check, pros and cons",1,0.57,2025-04-07 06:17:15,Gottagetanediton,14,/r/diabetes/comments/1jthv0t/changing_lancets_after_every_blood_sugar_check/,https://www.reddit.com/r/diabetes/comments/1jthv0t/changing_lancets_after_every_blood_sugar_check/,True,"I started some challenges for myself this month in my diabetes management (t2). one of them is to change my lancet every time i check my blood sugar (1-4x a day on average). 

i know the old joke is that when they send you lancets with diabetes supplies they send you a lifetime supply every time, but i thought i'd challenge myself to change it every time this month (and half of last month) and, yeah, it hurts a lot less and is often easier to get blood. So, that's a pro on the list.

A con would be adding additional tasks to the list of things you have to do daily as a diabetic can be a bad idea, bc it can lead to burnout. i know for a lot of t2s with good management, this is why their doctors will sometimes recommend not checking blood sugar as often. and i know for t1s and other diabetics on insulin, there's already way too many tasks to do every day, decisions to make, that adding another could lead to a burnout crash. 

so...i get why the meme is there and why a lot of people don't change it every time. 

that said, i thought i'd post here about my challenge and see if anyone else has adopted this habit.",Discussion,False
1jth3cn,Started on monjourno...insulin need increased massively. Which do I reduce??,0,0.5,2025-04-07 05:22:18,ellsbells3032,3,/r/diabetes/comments/1jth3cn/started_on_monjournoinsulin_need_increased/,https://www.reddit.com/r/diabetes/comments/1jth3cn/started_on_monjournoinsulin_need_increased/,True,"Sorry the title should say decreased not increased.

I'm a T2 on insulin with very bad resistance . About 40 slow realise and 40-60 fast release a day - on a good day) 

4 days on monjourno on the lowest dose and wow my sugar levels. Barely been able to get the monitor over a six!! I've pretty much cut out my novarapid (except on very carby meals so less than ten a day) and reduced my nighttime to 24. Should I reduce my slow release and up my fast release. Prefer this way as less injections lol but not sure how I should be balancing this. 

Any advice. ",Type 2,False
1jtgjhe,Something you wish you could say to a healthcare company executive?,2,1.0,2025-04-07 04:40:41,ConsequenceLimp9717,11,/r/diabetes/comments/1jtgjhe/something_you_wish_you_could_say_to_a_healthcare/,https://www.reddit.com/r/diabetes/comments/1jtgjhe/something_you_wish_you_could_say_to_a_healthcare/,True,I live in Australia which means my appointments with my endo are free also yearly foot and eye checks are free so are our needles for insulin (luckily I got sent home with a 2 year supply of Lantus when I had DKA during my diagnosis in may 2023). I have a theory that the health outcomes for a lot of us is due to lack of access to affordable healthcare and also for some of us health illiteracy. I'm a premed student so this type of thing peaked my interest. ,Healthcare,False
1jtg5s2,Who should i trust? Lab test or Glucometer,0,0.4,2025-04-07 04:11:09,No_Trouble311,27,/r/diabetes/comments/1jtg5s2/who_should_i_trust_lab_test_or_glucometer/,https://www.reddit.com/r/diabetes/comments/1jtg5s2/who_should_i_trust_lab_test_or_glucometer/,True,"Got my lab test results 2 months ago, 128 fasting blood sugar HbA1C 6.10
next day i prick tested fasting 78
And i am regularly checking my levels never seen exceeding 100 fasting and after food sometimes 111 , 122 , 130 never more than 130
So how ????? I think my blood test was wrong ? Or am i wrong? Or the Glucometer is not showing me that i am diabetic ???? What is it?",Discussion,False
1jtfl4e,Headaches 2-3 hours after eating,0,0.5,2025-04-07 03:27:42,rjthomas,1,/r/diabetes/comments/1jtfl4e/headaches_23_hours_after_eating/,https://www.reddit.com/r/diabetes/comments/1jtfl4e/headaches_23_hours_after_eating/,True,"I've posted before about my constant hunger problem and being diagnosed with type 2 diabetes in this group. And I'm eating more protein and so on. However, I keep getting this headache 2-3 hours after eating and try to relieve it by eating something like a banana or oats between main meals. I even tested my blood sugar when I felt hungry and it was a normal range of about 5.5 or 6. Does anyone else have this problem of headaches a few hours after eating?",Type 2,False
1jtfhc2,Is biking to work a better approach to stay fit?,11,0.87,2025-04-07 03:19:59,Pathfinder15,18,/r/diabetes/comments/1jtfhc2/is_biking_to_work_a_better_approach_to_stay_fit/,https://www.reddit.com/r/diabetes/comments/1jtfhc2/is_biking_to_work_a_better_approach_to_stay_fit/,True,"Not diabetic yet but Glucose and Cholesterol levels are looking ugly. No gym nearby, so thinking of biking to work everyday to get some exercise done.

Would this be enough to not get myself diabetes in the future?",Prediabetic,False
1jtdvwv,I did an experiment with sourdough bread because I keep seeing people say it's safe.,9,0.77,2025-04-07 01:26:32,Delicious_Delilah,14,/r/diabetes/comments/1jtdvwv/i_did_an_experiment_with_sourdough_bread_because/,https://www.reddit.com/gallery/1jtdvwv,False,,Type 2,False
1jtdg09,Weird Observation,6,0.88,2025-04-07 00:58:13,Astrofyzx,4,/r/diabetes/comments/1jtdg09/weird_observation/,https://www.reddit.com/r/diabetes/comments/1jtdg09/weird_observation/,True,"Ok, so over the past few years since being diagnosed, I've made an observation. I don't have a cgm, so I rely on finger sticks. 

I've learned that I can guess my # just by looking at my blood (usually with 10 points). When my blood is a deep red/burgundy and the consistency is thicker, or more viscous, my number is below 130. When it's a bright red and ""runny"", my number is over 180. 

Just a weird observation and I'm curious if anyone else has noticed this? If so, is yours the same as mine? Or do you notice differences with your blood that produces other results? ðŸ¤”

P.s. I'm a data nerd/analytical, so this may be why i notice ðŸ˜…",Type 2,False
1jtbot8,Is this a meter issue or is control just lacking,1,0.67,2025-04-06 23:12:26,CompetitiveMeal1206,12,/r/diabetes/comments/1jtbot8/is_this_a_meter_issue_or_is_control_just_lacking/,https://i.redd.it/2rrhari5ybte1.jpeg,False,,Supplies,False
1jtaydl,"Nurse Practitioner, is this normal?",2,0.75,2025-04-06 22:32:14,ToroMora,10,/r/diabetes/comments/1jtaydl/nurse_practitioner_is_this_normal/,https://www.reddit.com/r/diabetes/comments/1jtaydl/nurse_practitioner_is_this_normal/,True,"Hi,

My healthcare provider, Tufts Medical has ask me to visit the Melrose Wakefield Hospital's diabetes education center for an appointment with one of their nurse practitioner about my diabetes when I call Tufts for an appointment for diabetes treatment. Is this normal? Am I suppose to see a doctor instead of a nurse practitioner? ",Type 2,False
1jtaoqh,Lingering colds,2,1.0,2025-04-06 22:17:58,Never-Ending-77,2,/r/diabetes/comments/1jtaoqh/lingering_colds/,https://www.reddit.com/r/diabetes/comments/1jtaoqh/lingering_colds/,True,Is it normal to have lingering colds when you have diabetes? Iâ€™m at three weeks in. ,Type 2,False
1jtafya,Abbott's 'Above the Bias' Film Reveals Misconceptions Can Impact Diabetes Care,6,1.0,2025-04-06 22:04:35,shinycrazy,0,/r/diabetes/comments/1jtafya/abbotts_above_the_bias_film_reveals/,https://abbott.mediaroom.com/2025-02-04-Abbotts-Above-the-Bias-Film-Reveals-Misconceptions-Can-Impact-Diabetes-Care,False,,Discussion,False
1jta8d2,Struggling with Food,2,1.0,2025-04-06 21:52:44,Kracksy,4,/r/diabetes/comments/1jta8d2/struggling_with_food/,https://www.reddit.com/r/diabetes/comments/1jta8d2/struggling_with_food/,True,"I'm hoping to get a CGM at my appointment at the end of this month to help with this. 

I was diagnosed Janusry 31st and have gone all in on proper eating and such. I've had a few blips, mostly fueled by extreme stress at work, but I've managed to keep myself in control. Limiting carbs to once a day (I typically have toast for breakfast), I allow myself a sugary treat once or twice a week just to help take the extreme cravings away (I'm talking like a single cookie or something), and yet I'm still getting high readings. 

For example, tonight my sugar was 177 about 2 and half hours after eating dinner. When I look at what I ate today, I don't get it. Piece of toast and PB this morning, protein shake (Orgain) mid-morning, 2 turkey and cheese roll ups at like 2, for dinner we had homemade turkey burgers and i had 8 sweet potato fries. I counted them. And then I had 1 Chips Ahoy cookie for dessert. Now, today was a no bones day where I sort of laid about all day reading as it's been my first day off in several weeks. I did have a Propel packet, but it was 0 sugar, 0 carbs, so that shouldn't hit me...right?

Am i nuts for being so concerned about having a reading above 150? I feel like if I'm not starving myself and feeling super hungry all day, then I'm not going to get a good reading. 

 I'm going through a lot of stress at work right now which I know is adding to it, but I live a pretty active lifestyle normally so I'm hoping with added targeted exercise I can keep bringing it down. ",Type 2,False
1jt9rso,Dexcom is Broken!,0,0.5,2025-04-06 21:26:57,natnat205,3,/r/diabetes/comments/1jt9rso/dexcom_is_broken/,https://www.reddit.com/r/diabetes/comments/1jt9rso/dexcom_is_broken/,True,"Today was a normal Dexcom change day. After the 2 hour warmup my dex was saying that I was somewhere in the 40â€™s which I knew wasnâ€™t true. Sometimes it does this though and I just have to give it time. But then it just started saying signal loss. That happens sometimes too so I gave it some more time. After about 2 hours I decided to change my sensor. After I did, it still said signal loss. So I deleted the app, turned on and off Bluetooth, turned my phone on and off, and nothing worked. Now the app just wonâ€™t connect to my transmitter. What do I do? Should I just give up on this transmitter and try using a new one? Is there a way that I can take the transmitter out without having to replace the sensor (since I just put it in and I hate wasting them). Iâ€™m so frustrated! ",Type 1,False
1jt99dy,Diabetes has an emotional impact,60,0.99,2025-04-06 20:59:12,ConsequenceLimp9717,50,/r/diabetes/comments/1jt99dy/diabetes_has_an_emotional_impact/,https://www.reddit.com/r/diabetes/comments/1jt99dy/diabetes_has_an_emotional_impact/,True,"Especially early on, it doesn't matter the type ",Discussion,False
1jt8gl0,A1C drop from 6.5% to 5.2% in three days. Faulty test?,2,1.0,2025-04-06 20:16:59,prognostalgia,6,/r/diabetes/comments/1jt8gl0/a1c_drop_from_65_to_52_in_three_days_faulty_test/,https://www.reddit.com/r/diabetes/comments/1jt8gl0/a1c_drop_from_65_to_52_in_three_days_faulty_test/,True,"I had a blood draw last Wednesday for a research study I'm on. They sent me a message the next day saying my A1C was at 6.5%. I had another blood test scheduled on Saturday (from my doctor wanting to do a full workup as part of a checkup). After a stressful few days, I just found out that on this one the A1C came out to 5.2%! My estimated glucose on Saturday was at 103 (fasting) and measured 94 (fasting) last November.

It's been a stressful few days, and the scare definitely had me cutting out the snacks and eating ""right"". I wasn't eating terribly in terms of meals, but I definitely had way too many snacks. Probably had too many cookies the night before the Wednesday test. ðŸ˜¬However that's supposed to be too short term to matter as much for A1C, right?

It's just very peculiar to me. I've sent a message to my doctor to see what she recommends as the next steps. I'm guessing we might do a third test just to see if we can definitively rule that other one out as a wonky result. I wonder if people here have seen anything similar? I looked up reasons for false high results, and mainly I found anemia. But I've had many yearly blood tests because of another chronic condition, and my hematocrit and ferritin levels have always been great.

Some background on me: I'm 49 years old and had a 6.1% reading in March 2023. After that, I started a weight loss program (through that study I mentioned) and have dropped about 55-60 pounds. All with strictly following a diet and not much change in activity. I'm pretty much down to the size I'd be targeting, though I still want to work on my build to add a higher muscle percentage. I've been eating pretty well (much lower carbs, much higher vegetable and lean meat), though the snacks are my achilles heel. Once I got my weight down I still regularly indulge as long as my weight isn't going back up. If I'd kept going the way I was before, I wouldn't have been surprised to hit the 6.5% mark like I did. But it was a real big disappointment after having put all that work in and made some real changes.",Type 2,False
1jt874e,My CGM line drew a happy face :D,270,1.0,2025-04-06 20:03:15,supermouse35,11,/r/diabetes/comments/1jt874e/my_cgm_line_drew_a_happy_face_d/,https://i.redd.it/5j4je9he0bte1.jpeg,False,,Type 2,False
1jt7xkh,BioMeds Success Stories?,1,1.0,2025-04-06 19:49:59,Funnygirllost,0,/r/diabetes/comments/1jt7xkh/biomeds_success_stories/,https://www.reddit.com/r/diabetes/comments/1jt7xkh/biomeds_success_stories/,True,Anyone have success stories to share with this company?,Type 2,False
1jt75vp,Question,1,1.0,2025-04-06 19:11:14,RoniL03,2,/r/diabetes/comments/1jt75vp/question/,https://www.reddit.com/r/diabetes/comments/1jt75vp/question/,True,"Has anyone ever had a problem with readings?
As in, 3 different devices giving 3 different readings.
150 (monitor)
194 (monitor)
205 (CGM)",Type 1,False
1jt4ugn,What is considered a spike?,3,0.8,2025-04-06 17:21:08,ToroMora,7,/r/diabetes/comments/1jt4ugn/what_is_considered_a_spike/,https://www.reddit.com/r/diabetes/comments/1jt4ugn/what_is_considered_a_spike/,True,"Hi,

I notice that my blood sugar fluctuates throughout the day even I did not do anything. Just want to know as a type 2, how much is considered a spike that is okay and what is not acceptable? ",Type 2,False
1jt3obi,Does this count as TikTok self diagnosis lmao,87,1.0,2025-04-06 16:28:41,fake_keyboard-smash,24,/r/diabetes/comments/1jt3obi/does_this_count_as_tiktok_self_diagnosis_lmao/,https://i.redd.it/m53s2n84y9te1.jpeg,False,,Humor,False
1jt33j6,T1d been told am about to go blind,125,0.96,2025-04-06 16:04:02,t1dadhdeupd,79,/r/diabetes/comments/1jt33j6/t1d_been_told_am_about_to_go_blind/,https://www.reddit.com/r/diabetes/comments/1jt33j6/t1d_been_told_am_about_to_go_blind/,True,"Help!!

I am 32 years of age, 4 days into celebrating the birth of my new born child I get a phone call from a eye consultant specialist 

He goes on to say that the recent pictures of the back of my eyes I have stage 3 diabetic retinopathy and also have diabetic maculopathy. 

After a long discussion about my other health conditions ADHD eupd PTSD COPD diabetic peripheral neropraphy hypertension 

He said I have weeks left in my eyes if I am lucky and the vessels are so fragile that a cough or a hypo could make me go complete blind 0% vision 

I have been given emergency injections into both eyes same day ( apparently never been heard of to have both eyes done in one sitting ) X3 every 2 weeks to try to keep my eyes stable enough to then do what I believe is panretanal laser treatment and the aim of this is to kill the vessels to my peripheral view to save my centre vision 

My blood sugars have never been stable I have been a dievticbfor 17 years and fearing my final days of seeing are coming 

I can feel my eyes pulling from there cords 

I can barely ready the eye chart with my right eye now with and without the shutter. 

The co5saidbthebonly way to stable my vision I to control my Diabeties 

My Diabeties team have said that they could offer me a omnnipod but the fact that the machine would stable my blood sugars so fast could cause the bloods vessels to pop and make me go blind too 

What do I do 
.crapping my self seriously 

I can't see if it's too bright I can't see at night 

Any advice 

Any one been here before and know what my vision will looks like after sugary 

Is sugary guaranteed. ? 

Please help ",Type 1,False
1jt22t5,Feeling scared/overwhelmed,1,0.6,2025-04-06 15:19:40,Huge_Engineering6962,1,/r/diabetes/comments/1jt22t5/feeling_scaredoverwhelmed/,https://i.redd.it/kdwcs40tl9te1.png,False,,Type 2,False
1jt16ek,Dexcom first day,0,0.5,2025-04-06 14:41:07,mlm2020,6,/r/diabetes/comments/1jt16ek/dexcom_first_day/,https://www.reddit.com/r/diabetes/comments/1jt16ek/dexcom_first_day/,True,"Last week I told my doctor I wanted to try Dexcom, she without hesitation gave me a prescription for it, I spent time researching dexcom7 due it being the latest   I set up my app and account for 7 , however when I open my bag from the pharmacy it was for 6, which seems totally different including the placement of the unit and I had to download 6 versio and set up new account, I went back and looked at my prescription thinking the pharmacy messed up , but actually my doctor put in for 6.  My question is why would she put me in for the older version.   Thanks and appreciate all knowledge that can be shared ",Type 2,False
1jt0zd6,Prediabetes despite healthy lifestyle,1,0.56,2025-04-06 14:32:51,Fit_Appointment_914,10,/r/diabetes/comments/1jt0zd6/prediabetes_despite_healthy_lifestyle/,https://www.reddit.com/r/diabetes/comments/1jt0zd6/prediabetes_despite_healthy_lifestyle/,True,"Iâ€™m 37, BMI 21, have zero relatives on either side with prediabetes or diabetes and have an A1c of 5.6-5.8. I read the Glucose Revolution and follow all of the tips - high protein/veg/fiber, order of eating, vinegar or sauerkraut daily, no carbs at breakfast (besides blueberries and spinach in my high protein unsweetened plain yogurt/eggs). I passed the 1 hr glucose tolerance test with each of my three pregnancies. I exercise 4 times a week - would love to do more but no time with kids and work. I paid to get my c peptide level checked a year and a half ago and it was at the lowest end of normal so this should mean I donâ€™t have insulin resistance. Iâ€™m feeling defeated since I donâ€™t know what else I can do lifestyle-wise and my PCP is telling me Iâ€™m barely prediabetic but Iâ€™m worried it will only get worse. Iâ€™m frustrated with my body at this point. Anyone else in this boat? ",Prediabetic,False
1jsxmw2,Just Diagnosed,25,1.0,2025-04-06 12:09:21,Repulsive-Cap-2709,38,/r/diabetes/comments/1jsxmw2/just_diagnosed/,https://www.reddit.com/r/diabetes/comments/1jsxmw2/just_diagnosed/,True,Hello I was diagnosed last night at the ER with type 2. However they did not give me any insulin.  I checked my sugar this morning and itâ€™s at 300 (without eating except water). When should I worry itâ€™s too high? They didnâ€™t give me any instruction just see my gp asap.,Type 2,False
1jswm7q,Why does this happen?,1,1.0,2025-04-06 11:24:49,Di297,4,/r/diabetes/comments/1jswm7q/why_does_this_happen/,https://www.reddit.com/r/diabetes/comments/1jswm7q/why_does_this_happen/,True,"I've been a T1 for almost 18 years and I currently use insulin twice a day but for some reason even thou I don't inject any insulin until a little before having dinner, if I for some reason don't have a snack before dinner time cause I was too busy or something I end up having a low even thou I had breakfast, a snack before lunch and lunch after my first shot of the day so I don't know the reason why that happens, yesterday I had to work til 8:30 PM and when I came home my sugar was low just cause I didn't have a snack in the afternoon.",Type 1,False
1jsv5l6,Experiencing low blood sugar levels the past 2 days,12,1.0,2025-04-06 10:18:49,420basedgod,11,/r/diabetes/comments/1jsv5l6/experiencing_low_blood_sugar_levels_the_past_2/,https://i.redd.it/har5hw6q38te1.png,False,,Type 2,False
1jstz0r,So fricking annoying. Woke up at 110. I ate half a BLT on 1 piece of rye bread before meds. Sugar hit 252. I figure 23 g at the MOST.,0,0.5,2025-04-06 09:21:00,BackOnTheMap,16,/r/diabetes/comments/1jstz0r/so_fricking_annoying_woke_up_at_110_i_ate_half_a/,https://i.redd.it/18xoauctt7te1.jpeg,False,,Type 2,False
1jso5q2,Some questions that google doesn't have answers for,1,1.0,2025-04-06 02:53:38,AvocadoPizzaCat,3,/r/diabetes/comments/1jso5q2/some_questions_that_google_doesnt_have_answers_for/,https://www.reddit.com/r/diabetes/comments/1jso5q2/some_questions_that_google_doesnt_have_answers_for/,True,"I been looking, but can't find anything. So here it is. Does being nocturnal verse Diurnal effect the way your body handles sugar and such? since for me it seems that i struggle in the day more than night since i am more naturally awake at night. This also has the issue where it is easier to spike from low to normal during night time than day time for me, so i am really wondering if that has anything in play.

i was also wondering how you train a pet to respond to low or high blood sugar. my one cat has seemed to learn how to respond to low blood sugar for me and can even alert me which is kinda weird, since i didn't train her.",Type 2,False
1jsnyqz,How is you diabetes control when working from the office vs working from home?,4,0.83,2025-04-06 02:40:02,Altered23,10,/r/diabetes/comments/1jsnyqz/how_is_you_diabetes_control_when_working_from_the/,https://www.reddit.com/r/diabetes/comments/1jsnyqz/how_is_you_diabetes_control_when_working_from_the/,True,"I'm wondering how others are doing since my company started to call in everyone to work from the office. My diabetes control is much better when I'm working from home and I am negociating currently with the employer to let me stay at home. They don't see my arguments as valid reasons for working from home.

I'm T1 for 21 years already and my latest hba1c is 6.0. I don't have a continuous monitor as I'm pretty well controlled, at least when working from home.",Discussion,False
1jsnth2,i missed my long acting! am i okay?,2,0.6,2025-04-06 02:29:51,AdPsychological6678,12,/r/diabetes/comments/1jsnth2/i_missed_my_long_acting_am_i_okay/,https://www.reddit.com/r/diabetes/comments/1jsnth2/i_missed_my_long_acting_am_i_okay/,True,"hey guys its me again lol
so i missed the time im supposed to take my long acting with is at 10pm (its almost 3am now lol) im worried about taking it rn cause i was recommend that if i need to change the time i take my insulin i should do it in one hour intervals. 
if i wait till the morning will i be okay? it would be so much easier to take it in the morning but idk how i would do that
ik this is probably stupid to ask and i know it was irresponsible to not take it at my normal time. i wasnt able to and i completely forgot about it:( ",Type 1,False
1jsnmkc,Collagen glow shakes,0,0.33,2025-04-06 02:15:53,tuatara_echoes,3,/r/diabetes/comments/1jsnmkc/collagen_glow_shakes/,https://i.redd.it/tmztqevyp5te1.jpeg,False,,Type 2,False
1jsl1ud,Newly type 2,1,0.67,2025-04-05 23:30:10,Exact_Obligation5350,4,/r/diabetes/comments/1jsl1ud/newly_type_2/,https://www.reddit.com/r/diabetes/comments/1jsl1ud/newly_type_2/,True,"Hello Iâ€™m making this post to try and help my father who just got diagnosed. After making life changes especially in diet. He has been experiencing significant pain in his legs. The doctor prescribed him Metformin at the small dosages he is taking is not working.. is there anything that any of you have taken or know of that would help? Peptides, over the counter medication etc? 
Thank you in advance. ",Type 2,False
1jskero,Reactive hypoglycemia,8,0.9,2025-04-05 22:52:49,Intabus,2,/r/diabetes/comments/1jskero/reactive_hypoglycemia/,https://i.redd.it/w2abdcsqp4te1.jpeg,False,,Type 2,False
1jsgm8l,Getting a pump feels like I cured my diabetes,137,0.97,2025-04-05 19:25:47,PrettyChillHotPepper,49,/r/diabetes/comments/1jsgm8l/getting_a_pump_feels_like_i_cured_my_diabetes/,https://www.reddit.com/r/diabetes/comments/1jsgm8l/getting_a_pump_feels_like_i_cured_my_diabetes/,True,"I want to make this post for the lurkers in this sub who see all the diabetics complaining about their 7.0 HbA1cs and then feel like crying, getting drunk, or even offing themselves because they've been on a 10 HbA1c for the past decade. To all the women thinking they'll die childless and young because that's what their endos are telling them to guilt trip them into better control. I see you. I feel you. I was one of you.

I am writing this post because I want to try to convince you to save up for an insulin pump. I resisted getting an insulin pump for a long, long, long time, because I thought the concept of renouncing the autonomy of deciding my own insulin boluses when I was already in the put of burning out and nihilistic depression was cripplingly terrifying. I was also afraid the insulin pump itself being always attached to my body would be a physical reminder of my disease 24/7, which in my burnt out depressed state of being was the very last thing I needed, not to mention the impact it would have on my dating life. I was afraid because I heard stories of people's pumps malfunctioning and sending them into diabetic comas and nobody finding them because they live alone by themselves in a foreign country. I am that person. I was scared shitless and for 5 years preferred a HbA1c of 10 over that.

But it's not that bad. The insulin pump has a lot of safeguards in place to keep you safe. You have an app that gives your mum or dad an alert on their phone in case you have a hypo, so even from their country abroad they can call an ambulance if stuff goes bad. People will still love you, cherish you and want to date you. Most importantly?

You'll have the chance to forget you have diabetes without hurting yourself. For a whole half day, even longer, you can just... let go. Not care. Not check. Breathe. After the first month of having the pump, those anxieties you held deeply in your heart? They will start to melt away. The doctors won't shout at you anymore. People won't guilt trip you with pictures of rotting toes anymore. If you're a woman, you'll be able to have children without being afraid anymore.

This isn't a post for all of the amazing diabetics with fantastic control that keep their shit together and have great bloodwork and aren't relating to any of the above. You guys are doing great as well. But I know that there is a sea of young adults who lurk this sub and sometimes leave a post or two about how utterly hopeless they are because their sugars are in the shitter, and I just want to tell them: there is a hope. It's not a full cure, but. It's a lot closer to it than what you're doing now. 

Get a pump. 

You'll be so, so, so much happier for it.",Type 1,False
1jsfe27,Finally got tagatose from Amazon,5,0.78,2025-04-05 18:26:04,rdobah,22,/r/diabetes/comments/1jsfe27/finally_got_tagatose_from_amazon/,https://www.reddit.com/gallery/1jsfe27,False,,Discussion,False
1jsf6pb,End of an era,387,0.96,2025-04-05 18:16:19,IronicSpoon,74,/r/diabetes/comments/1jsf6pb/end_of_an_era/,https://www.reddit.com/gallery/1jsf6pb,False,,Type 1.5/LADA,False
1jsdb3e,How much do meal times ACTUALLY matter,4,1.0,2025-04-05 16:49:28,Legal-Loli-Chan,13,/r/diabetes/comments/1jsdb3e/how_much_do_meal_times_actually_matter/,https://www.reddit.com/r/diabetes/comments/1jsdb3e/how_much_do_meal_times_actually_matter/,True,"Hello! newly diagnosed t1 here; I've been trying to stick to my meal times my dietician assigned me, but sometimes I just want to eat earlier/later, so I wanted to ask how much the times I eat **actually** matter.",Type 1,False
1jsba86,I have a question about DKA,2,1.0,2025-04-05 15:20:14,Acrobatic_Midnight85,10,/r/diabetes/comments/1jsba86/i_have_a_question_about_dka/,https://www.reddit.com/r/diabetes/comments/1jsba86/i_have_a_question_about_dka/,True,Did anyone else who went for through DKA take a long time to fully recover and was your immune system a bit compromised? I just got a flu and I just got over it and I feel like I'm getting sick again,Type 2,False
1jsb07u,Postpartum diagnosis and NO GD,1,1.0,2025-04-05 15:08:04,Jaded-Animal-4651,0,/r/diabetes/comments/1jsb07u/postpartum_diagnosis_and_no_gd/,https://www.reddit.com/r/diabetes/comments/1jsb07u/postpartum_diagnosis_and_no_gd/,True,"Hi there,

I am 6 months postpartum and pre pregnancy I had A1C levels of 5.8 so borderline pre-diabetic. During my pregnancy I had 2 glucose tests done and both came back negative for GD. I also had my A1C levels tested and they were actually low. 

Fast forward to now, I havenâ€™t been able to lose any weight since the initial loss of like 35 pounds after birth. Iâ€™ve been stuck at 200 pounds and even with diet and consistent exercise for 3 months, have not dropped a pound. I had my A1C levels tested yesterday due to the weight loss not happening and they are 5.9. Has anyone been diagnosed with pre-diabetes postpartum? Could this be correlated to the inability to lose any weight?",Discussion,False
1js9p5w,Has anybody tried the simple mills products? Did it cause a spike?,4,0.83,2025-04-05 14:11:46,csiegs,10,/r/diabetes/comments/1js9p5w/has_anybody_tried_the_simple_mills_products_did/,https://i.redd.it/n9491rvq42te1.jpeg,False,,Type 2,False
1js9lt8,My Story on diagnosis,3,1.0,2025-04-05 14:07:46,MacUserpr,3,/r/diabetes/comments/1js9lt8/my_story_on_diagnosis/,https://www.reddit.com/r/diabetes/comments/1js9lt8/my_story_on_diagnosis/,True,"Im a 15 year old T1 diabetic, whose story on this thing is a mix of feelings. Overall I was not a very sporty individual however I also had a very well-balanced diet and had healthy lifestyles however during december 2024 I had a trip to Veracruz, Mexico with my grandparents and uncles on which I started not only taking a new medicine (Risperidona) which affects sugar levels sometimes but I also let go of my healthy diet and started drinking bottled juice, soda and overall very sugary stuff I started feeling weird, I had trouble going t the bathroom and would sleep for longer periods at a time than usual I thought that it was  just part of the adolescense and after christmas when I returned to Puebla city to my regular scheule with my parents things went much smoother and I started feeling great again, however for Reyes I went to Cancun with my other Uncles and Cousins and there was when I started feeling like crap, again with no digestion, however I kept enjoying with my uncles thinking I was just with intestinal congestion or something like that, however on day 2 of my trip we went to a mall on which I started to feel my saliva was really just not there, and I was very tired, I thought I was just dehydrated so I bought some apple juice (awful choice) and after feeling worse drank some sugar-free electrolytes (coincidence). Things just worsened and when we rented a padel course I could just not play feeling unpowered, the 5 days that followed I was moving from couch to couch sleeping a lot, going to the bathroom to urinate a lot and drinking a lot of water, just standing up would give me a great heart beat and make me very tired. That day my Uncle was sad bc she wanted me to enjoy our trip, and so she took me to the cinema where I drank Coke, then we went to eat Maracuya Fish and topped everything off with a bread-based dinner, I noticed my sight was blurry and I felt dizzy. that night i started uncontrolably vomiting, and the next day she took me to a gastroenterologist however fortunately for me, I was attended by an endocrinologist inestead thanks to the universe alligning for me haha, however he immediately noticed I was tired and overventilating so he took a quick blood test that turned out to be 444 (mg/dl) of blood sugar, he told my uncles that we needed to rush to the hospital and that he would meet us there, I just remember my uncle handling the situation calmly and attentively. Once we arrived there she called my parents telling them the grave situation and asking them for a set of legal documents, as she could not get me into the ER without an authorization sheet from my parents, so we got all setup and after around an hour of waiting I was admitted onto the ER where I spent 3 hours getting tests and needles n my veins (I hate needles) after all drama my sugar spiked to a stagering 508(mg/dl) with ketoacidosis I was very confused and can't really make a chronological order of events from there barely remembering some things that happened, I was taken to an intense care unit where I remember I hated not being able to stand up, eat or go to the bathroom in anything but a jug, I just also happen to remember how much I hated when every hour someone would come to manually take my sugar. I recall waking up the bed next day so i turned on the TV and watched some documentaries to spend time, at around that period of time they applied a sensor, more specifically the Libre Freestyle from Abott and it was such a relief!. My parents arriven around that timestamp but they would not allow them to see me until I was on a regular room. the last few hours were particularly stresfull as my cousins would return to Puebla, and I heard the person 2 beds away had coded. When I finally came out of intense care I could see my parents and Uncles and was glad to do so, I spent the next 2 days on a regular room waiting to stabilize, I watched the Show ""The Money"" on Apple TV and enjoyed finally being able to eat!, but hated the Insulin injections (still getting used to it), then I flew back to Puebla! and enjoyed home sweet home and some christmas gifts my parents got me! It's been an adventure filled with learning and ups-and-downs, I'm glad I found this sub-reddit which seems highly supportive and thanks to all those whom read the entire thing!, would love to hear suggestions or other comments below!",Type 1,False
1js9lph,Surprising result,4,0.83,2025-04-05 14:07:39,DogInAPram,2,/r/diabetes/comments/1js9lph/surprising_result/,https://i.redd.it/cs9u64o142te1.jpeg,False,,Type 1.5/LADA,False
1js8vnk,Problem with diagnosis,0,0.25,2025-04-05 13:36:13,TheDeathCrow,5,/r/diabetes/comments/1js8vnk/problem_with_diagnosis/,https://www.reddit.com/r/diabetes/comments/1js8vnk/problem_with_diagnosis/,True,"I am curious if somebody is in the same kind of situation. I've got influenza, and when I recovrred, I've done blood tests. I've had high tsh and later I was diagnosed with hashimoto, which is autoimmune disease. My fasting sugar was about 120 and my doctor diagnosed me as pre-diabetic. I wasn't obese then, I wasn't super active but I did some sports regulary, like riding bike, running or walking. I was vegetarian then.
For a year I've tried to reverse insulin resistance. I change diet, I started to exercise more, but it was getting worse over the time. 
My endo told me there's high chance I have type 1 diabetes, (since my sister suffers from it too). They took me to hospital and for now I have to inject long-acting insulin (sometimes I use fast-acting too, because sometimes my sugar is high even after low carb meal, but only sometimes - usually I don't need it). I wouldn't be able to healing diabetes by medicines. But pancreas antibody test results were negative. My endo said that it can be still developing type 1 or mody diabetes. He said if my condition doesn't get worse, he will do tests for mody diabetes. I don't think it's mody - it is dominative gene and I have no diabetes in my family except my sister and one of my relatives which was also type 1.
When I was going through influenza, I had low D vitamine level and I was really stressed, which, as I know, are one of the causes of t1 diabetes. But I have no antibodies? If its type 2, then why it didnt reverse despite the activity and healthy diet? Did I even have influence to developing of disease?
If someone is in similar situation, please share in the comments. ",Discussion,False
1js5k7m,A question about the accuracy of glucose monitoring,0,0.25,2025-04-05 11:08:34,Frigorifico,14,/r/diabetes/comments/1js5k7m/a_question_about_the_accuracy_of_glucose/,https://www.reddit.com/r/diabetes/comments/1js5k7m/a_question_about_the_accuracy_of_glucose/,True,"Recently I've taken up the habit of monitoring my glucose and I've noticed something strange

The first measurement I make is usually around 110, but then if I make a second measurement shortly after it's usually around 100, sometimes lower. This happens consistently and I'm very confused

In my mind a glucose of ~110 is a much bigger problem than one of ~100, so I'm not sure what to think

I tested the glucometer with the test solution and it seems to be working correctly, so the variation really comes from me. Could sweat be affecting the results? I try to have my hands as dry as possible but I can't stop cells from releasing sweat while I'm getting the blood

One day I made several measurements spaced out by some 20 or 30 minutes and they went: 117, 107, 98, 102, 100

I'm tempted to believe the later results, but the first result is always always ~110, so I figure that has to mean something",Prediabetic,False
1js5b5x,For elders like me...,4,0.75,2025-04-05 10:57:24,cocolishus,3,/r/diabetes/comments/1js5b5x/for_elders_like_me/,https://www.reddit.com/r/diabetes/comments/1js5b5x/for_elders_like_me/,True,"https://preview.redd.it/unexsdrj51te1.png?width=4502&format=png&auto=webp&s=96c7f9734793be2456b90fd734a2c4d973c1e3c3

Got this today from the American Diabetes Association, as part of this article [Section 13: Older Adults | Clinical Diabetes | American Diabetes Association](https://diabetesjournals.org/clinical/article/doi/10.2337/cd25-a013/158030/Section-13-Older-Adults)",Type 2,False
1js50ao,"Recently diagnosed with pre-diabetes, what should I do?",2,0.75,2025-04-05 10:43:35,RatKingRonnie,9,/r/diabetes/comments/1js50ao/recently_diagnosed_with_prediabetes_what_should_i/,https://www.reddit.com/r/diabetes/comments/1js50ao/recently_diagnosed_with_prediabetes_what_should_i/,True,"Iâ€™ll drop my stats below 

â€¢weight 132lbs 
â€¢age 26 y/o
â€¢lifestyle moderate (at minimum I make sure to get the steps in)

Now Iâ€™m not really sure where I couldâ€™ve went wrong growing up I was never really into eating â€˜sweatsâ€™ of any kind, other than just the occasional cake or snack cake. The same with fast food I just never really ate it growing up my dad was a body builder/weight lifter and he did all the cooking at home - even after my parents split up I would just go eat at my dads. Sports drinks and surgery drinks are a weakness and always have been, I used to play soccer at different competitive levels up until I was 22 so Gatorade, power-aid were pretty common. But pop Iâ€™ve got a thing for Vanilla Coke but I limit myself to 1 can/bottle a day and have since I stopped playing soccer around 22. And as for recently (~2 years) I watch what I eat because Iâ€™ve been experiencing pretty bad G.I issues, no red meats. Only fish, chicken, Turkey, vegetables, fruits and salads always. 

- I was told I have trash genetics for this and that my moms, moms family all had diabetes but my mother does not. ",Prediabetic,False
1js3wxm,Looking for advice High a1c,1,1.0,2025-04-05 09:51:23,crazeekru,3,/r/diabetes/comments/1js3wxm/looking_for_advice_high_a1c/,https://www.reddit.com/r/diabetes/comments/1js3wxm/looking_for_advice_high_a1c/,True,"Looking for advice to diagnose and lower my dad's high ha1c of 11.2 measured couple days ago. I know this is dangerously high and he is going to see dr in India right away. 

Bit of back story -
My dad is 69 yrs old and been diabetic patient for long time. He lives in India and I am in Nj. 

Since past 7-8 years his ha1c is consistently high and likely never went under 10. He is on insulin and meds and these readings are with high does of insulin. He takes 7units morning and evening and one 14 long lasting insulin and metformin along with it.  Total 28 units. 
He's saying he take regular meds and I want to believe his food habits aren't crazy (which I seriously doubt now) - vegetarian and balanced home food- includes salad and some seasonal fruit etc. for most part. I think something is not adding up, my suspicion is that he is sneaking food without telling anyone but that's just a guess. 

He has seen a few diabetetians but most Drs suggested bit higher does and shuffle insulin type. He has suffered ketoacidosis at least once a year and admitted to hospital in critical conditions.

Fast forward to now - he is going to be visiting me for few months, so I am looking for some advice. What could I do to work on lowering his sugar?
Any recommendations on Dr (it'd be helpful if in NJ), tests and to figure out the cause of such a high readings. 

Thinking of getting CGM so we can monitor but anything that helped you or family, I'd like to try and see if it works.
Thank you for you help!",Type 2,False
1js3tqr,oatmeal.,0,0.48,2025-04-05 09:46:55,SaneFuze,34,/r/diabetes/comments/1js3tqr/oatmeal/,https://www.reddit.com/r/diabetes/comments/1js3tqr/oatmeal/,True,"Let me just preface to say I am not a person who eschews modern medicine for untested homeopathy. But I have found in the mornings when I have my bowled of old fashioned oats with cinnamon and butter. My fasting numbers are considerably better. For instance yesterday my fasting sugar 187. I didnâ€™t have my oatmeal the day before. Yesterday I had my oatmeal I was at 132 this morning.

My oatmeal is
Half cup of oats
A tablespoon of brown sugar (sugar oh no!)
Pat of butter
Dash of vanilla extract
Pinch of salt
Teaspoon of chia seeds
Cover with hot water
Stir
Chefs mic 30 seconds
Stir
Chef mic 30 seconds
Enjoy!

Everyone is different but this helps me.",Type 2,False
1js0kts,Type 1 and jail,68,0.97,2025-04-05 06:36:48,Sf666,43,/r/diabetes/comments/1js0kts/type_1_and_jail/,https://www.reddit.com/r/diabetes/comments/1js0kts/type_1_and_jail/,True,"I've seen this question come up before, and people have asked me about it a lot in person, so I figured I'd post my past experience here. If you have questions, feel free... 

The only time I've ever been to jail, I was allowed to keep my pump, CGM, and my contact lenses, but they made me stay alone in a tiny cell in the intake area in the basement, with nothing in it, and I wasn't allowed out for 6 full days except once for a 10 minute shower about 3 days in (which has a gross side story in itself)...It also had no lights. I'm pretty sure it was a solitary cell for suicidal people. Probably wasn't ethical for them to not let me out at all, but oh well, got to keep the pump and cgm and contact lenses. They don't let you bring anything whatsoever into the actual populated jail other than glasses. There were 2 other people in similar solitary cells. One was a girl in her early 20's who was mentally handicapped, talked to herself nonstop, and didn't understand what was going on. The other was an elderly man who had Schizophrenia. They both did not wear any clothes and seemed suicidal and unstable, and thought I was various different relatives of theirs... 

The nurse was a SUPER friendly and intelligent lady who would check in on me to make sure everything was alright, and forced the guards to let me use my tester and supplies a few times per day. The guards themselves, would absolutely not have bothered with it if the nurse hadn't forced them to do it. 

Hands down, the most boring experience I've had in entire lifetime. The 1 week definitely felt like a month or 2...Interesting sidenotes, almost all of the guards both male and female were either REALLY creepy or REALLY stupid, or both. It isn't like the jail TV shows, and 90% of them were not at all even remotely normal people. Has to be one of the worst jobs you can have... They are essentially locked in the jail just like an inmate, but paid...The guards were legitimately bad people. I can go into detail if wanted, but legit not good people. I thought all of the food was ""decent to good"". People who are crazy or suicidal have to wear ""pickle suits"" and helmets. 95% of the people I saw go through intake were drug addicts, and a surprising amount of elderly people came through. There were also 100% for sure people in the jail because they were mentally handicapped and had no support system or family, which isn't super surprising but definitely bothered me. 

I was told by the staff if you are an ""actual criminal"", have a violent history, or are going to be there for a long time, it's not allowed in the jail populated area. I had the book thrown at me for a stupid situation that did not negatively impact anyone, and probably shouldn't have been there, so they didn't take my things, and I think they cut me a break, medically speaking. They actually had me set up and buy all my supplies and meds with the jail pharmacy beforehand, and they locked it all in a safe in the nurse's office. You aren't allowed to ""carry in"" any supplies or meds with you when turning yourself over to the jail and being inventoried. FYI. 

All that being said, I guarantee if I'd had to have been there longer than the week I was there, or hadn't had help from lawyer and endocrinologist, they would not have allowed me to keep it...the standard policy is ""Eyeglasses are the only thing allowed. "" They did not allow me to take in the books I brought, and I lied and said I didn't have contact lenses, but the nurse later gave me a case and solution after she met me, and the guards let me keep them, due to the nurse demanding it. She later on, literally told me inmates will dip their contact lenses into liquid LSD, smuggle it into the jail on their eyeballs, immediately sell them out, cut the lenses into quarters, and they all eat them in the holding area. Dead serious.

2 people in the population area died in the 1 week I was there, and other weird things happened that I didn't describe because they aren't really T1 related topics and are somewhat disturbing, but I can if people want. Overall, I definitely would not recommend.",Type 1,False
1js07i9,4 months in,9,1.0,2025-04-05 06:10:30,Educational_Name2196,6,/r/diabetes/comments/1js07i9/4_months_in/,https://www.reddit.com/r/diabetes/comments/1js07i9/4_months_in/,True,"I was diagnosed with T1 at Christmas last year. Not sure why it decided to happen at 34 years old but whatever. A1C was over 15.5 when results came in Christmas Eve. Now Iâ€™m down to 6.8. 
I use Lantus at night, Humalog during the day (Iâ€™m at ~30 units total Hum per day) and completely changed my eating habits. 
I started swimming laps at the rec center three days a week before work and despite the spikes after it has helped so much. 
I do wonder how to burn fat though. I am not overweight (6â€™4, 170lbs) but I was seriously thin before my diagnosis/treatment (135lbs). 

Any advice? Itâ€™s of course my belly fat that is the most noticeable. Iâ€™ve never had to try to manage my bodyweight before and this stupid disease is throwing all kinds of curveballs my way. TIA! 
PS itâ€™s my birthday and Iâ€™m so ready for cake ðŸ˜‚ðŸ¤·ðŸ¼â€â™‚ï¸",Type 1,False
1js05mu,New to diabetes,4,0.84,2025-04-05 06:06:46,georg3200,2,/r/diabetes/comments/1js05mu/new_to_diabetes/,https://www.reddit.com/r/diabetes/comments/1js05mu/new_to_diabetes/,True,"I just got discharged today from hospital after being diagnosed with type 1 diabetes I didn't not want to get discharged cause I was  not feeling fine  unsure really scared  but they said it woukd be fine this is my first time to all of this from  meds stuff   but I'm feeling a having allot of anxiety feeling really depressed sad overwhelmed anxious I was like crying like for no reason I just crying last day of discharge and now my chest is pounding like crazy like my heart  is beating fast, is this normal could I just go back to hospital asked for some medicine for this? Will they give.somethng? I haven't slept in 3 days including the day of discharge please if you could help me thank you ðŸ˜­ðŸ˜­",Type 1,False
1jrz8a7,What do you eat or drink when low?,7,1.0,2025-04-05 04:56:26,RipeMangoDevourer,60,/r/diabetes/comments/1jrz8a7/what_do_you_eat_or_drink_when_low/,https://www.reddit.com/r/diabetes/comments/1jrz8a7/what_do_you_eat_or_drink_when_low/,True,"When I get a low alert, I usually eat gummy bears because they're easy to throw in my bag. Juice seems to work faster, which is great. Whatever I eat or drink, I have a hard time not over shooting it though. Just now, my glucose was 65, so I ate some gummy candies and now it's at 163.

Any advice? What do you all eat or drink? How do you portion it? And do you wait a certain amount of time before eating or drinking more?",Type 3,False
1jrv5ix,Eye focus problem,1,1.0,2025-04-05 00:16:23,justauserredit,1,/r/diabetes/comments/1jrv5ix/eye_focus_problem/,https://www.reddit.com/r/diabetes/comments/1jrv5ix/eye_focus_problem/,True,I'm a type 1 diabetic 22 year old male currently on bolus apidra and basal lantus . I was diagnosed 5 years ago. Recently I have been having a lot of problem in adjusting my eye focus like it is literally creating a lot of mess it carrying out my daily activities.. I'm feeling a lot anxious because of this .. especially my right eye throbs like hell .. ,Medication,False
1jrtsxv,6 Year Diaversary!,6,1.0,2025-04-04 22:58:15,National-Fig6548,0,/r/diabetes/comments/1jrtsxv/6_year_diaversary/,https://www.reddit.com/r/diabetes/comments/1jrtsxv/6_year_diaversary/,True,"Hi all, today is my 6 year diaversary, yay me!â˜ºï¸ 

For context, Iâ€™m a female & 25 years old, I got diagnosed when I was 19 with type one diabetes. 

I remember being in the ICU for 6 days & super excited to get out. The worst part of being in the ICU was probably when the nurse came in to educate me on how to give myself insulin at home & my mom was with me. My mom asked the nurse â€œhow long will she need to take this medication, when can she stop?â€ Needless to say, my mother is a sweetheart & the nurse started crying. It was really rough having to hear that, but here I am 6 years later- living & loving life! 

It wasnâ€™t always living & loving though. My first year was rough. I was always angry & super sad. Slowly that changed & I realized if I didnâ€™t set high expectations for myself, Iâ€™d completely lose me. 

I still eat whatever it is I want (chips are my favourite lol,) & I donâ€™t feel bad about it or let anyone else make me feel ways either. 

I guess to anyone who is struggling or newly diagnosed I just want to say, youâ€™re gonna be fineâ¤ï¸Type one may be a daily struggle, but youâ€™ve got this!! There are days thatâ€™ll be super draining & youâ€™ll feel that the world is against you- but YOUâ€™VE GOT THIS!!â¤ï¸â¤ï¸â¤ï¸ 

6 years ago I had no idea what I was going to do with my life. 6 years later, Iâ€™m about to be a certified teacher, & things in life donâ€™t seem all that bad. 

Anyways, thatâ€™s allðŸ«¶ðŸ»

 ",Type 1,False
1jrts7q,From 198 to 95,2,0.75,2025-04-04 22:57:04,DelayDifficult3376,2,/r/diabetes/comments/1jrts7q/from_198_to_95/,https://i.redd.it/kx55rx6llxse1.png,False,,Type 2,False
1jrszew,Diagnosed at 21 months - a creative reflection ðŸ“,42,0.89,2025-04-04 22:11:58,PathoftheFox,13,/r/diabetes/comments/1jrszew/diagnosed_at_21_months_a_creative_reflection/,https://www.reddit.com/gallery/1jrszew,False,,Type 1,False
1jrss9h,HR 1616 - Promoting Access to Diabetic Shoes Act,2,1.0,2025-04-04 22:01:25,Infinite_Flounder958,0,/r/diabetes/comments/1jrss9h/hr_1616_promoting_access_to_diabetic_shoes_act/,https://www.opencongress.net/bill-details/40033,False,,News,False
1jrsov5,I just found out that I might be very suceptible to Type 2,1,0.67,2025-04-04 21:56:38,SpecialistNatural361,5,/r/diabetes/comments/1jrsov5/i_just_found_out_that_i_might_be_very_suceptible/,https://www.reddit.com/r/diabetes/comments/1jrsov5/i_just_found_out_that_i_might_be_very_suceptible/,True,"I just found out recently that both sides of my family have type 2 diabetes (my great paternal grandma, my mom, my maternal grandma, and probably others I don't know about cus my family didn't wanna tell me about it for a long time and are still keeping details loose). My family also has some heart and thyroid issues as well (details I don't really know about). My family and I are also Indian (which I believe have a higher disposition than usual). I've never spoken to doctors about this since only recently has my weight gotten out of hand and I never knew about my family health history and my parents never mentioned it to doctors when I was a kid.

I'm at a bad weight 5'11 and 220 pounds for a 19M. I realize this is a pretty dire situation I'm in right now. I'm definetely going to take charge of my health and weight to do whatever I can to reduce it but I want to learn more about what I should do or steps to take or my likelihood or how a life with Type 2 may look like (I understand I'd have to talk to a doctor to get a better answer on this) or if I'm doomed. It feels like this was thrown at me recently and that I'm a a pretty bad spot.

I'd appreciate any insight I could get, thank you!",Type 2,False
1jrsdme,"LF Diabetes Specialist around Marikina or Antipolo, Philippines",3,0.81,2025-04-04 21:39:22,SundayJukeboxHits,0,/r/diabetes/comments/1jrsdme/lf_diabetes_specialist_around_marikina_or/,https://www.reddit.com/r/diabetes/comments/1jrsdme/lf_diabetes_specialist_around_marikina_or/,True,"Hi, 
Sorry this is my first time posting here. Do any of you have Maxicare-accredited, FRIENDLY Diabetes specialists around Marikina or Antipolo? 

I'm so sorry for being so specific. I've had trauma with my previous doctors and it affects my mental health. 

Leads would sincerely be appreciated. My inbox is open for conversations or clarifications. 

Thanks so much. ",Type 2,False
1jrsa1e,Diabetes and accessories,5,0.78,2025-04-04 21:34:02,Daisy-moomoo,13,/r/diabetes/comments/1jrsa1e/diabetes_and_accessories/,https://www.reddit.com/r/diabetes/comments/1jrsa1e/diabetes_and_accessories/,True,"Am i the only one that thinks that injection pen bags are really outdated and boring i know that you could literally just buy a bag from anywhere to store your pens in but over time the bags you buy ware out. Thats one thing about the injection bags for insulin, they are good material and last quite long but they are just dull. I know diabetes isnâ€™t exciting  but it would be nice to have a nice case for your diabetic meds. Ive had diabetes for 18 years and havenâ€™t seen no change in the design really. Just a thought ðŸ¤”",Discussion,False
1jrrrut,Thing you don't think about that improve hba1c?,7,0.9,2025-04-04 21:07:06,seanbluestone,12,/r/diabetes/comments/1jrrrut/thing_you_dont_think_about_that_improve_hba1c/,https://www.reddit.com/r/diabetes/comments/1jrrrut/thing_you_dont_think_about_that_improve_hba1c/,True,"I recently started thinking about some of the smaller subtler long term things I've changed to improve my hba1c. I regularly see the staples most of us do like working out and paying attention to GI and cutting down on refined carbs but the small things add up and I've realised the simple act of buying and using foodscales and bowls, containers and ladles with quantities I can remember has probably led to thousands of better measurements and dosages over the years and thus better control. Weird little things like mentally associating the point 5 minutes before home on foot with insulin so I can bolus around there coming home and then time it perfectly for when I heat up a plate of leftovers or whatever, or eating desserts or junk food first after working out.

What are some small indirect things that add up to change over time? Or things that just don't seem significant and don't get talked about on here much?",Discussion,False
1jrrczo,"I was interviewed for a Guardian article regarding Ozempic, eating disorders and diabetes",14,1.0,2025-04-04 20:45:15,littledreamyone,9,/r/diabetes/comments/1jrrczo/i_was_interviewed_for_a_guardian_article/,https://www.theguardian.com/society/2025/apr/04/ozempic-semaglutide-eating-disorders,False,,Type 1.5/LADA,False
1jrnloo,Blood sugar level,1,0.67,2025-04-04 17:45:21,zootedreacts,12,/r/diabetes/comments/1jrnloo/blood_sugar_level/,https://www.reddit.com/r/diabetes/comments/1jrnloo/blood_sugar_level/,True,"What does it mean when my sugar level went from 281 to 139 with out any medication? I was recently diagnosed with type 2 on 03/29 I'm 31m 5'7 237 lbs (husky build) ever since then all I have been eating was leafy greens, brocoli and eggs or tuna from the plastic pack or salmon for protein twice a day with either pure ginger or water. I only have been taking the long lasting insulin as medication in the mornings (scared to take the metformin) but when I wake up my sugar would be as high as 230 something but then eventually would go down because of the insulin this morning it was 281 and I called my doc she said I was suppose to take the insulin at night (I was bombarded with so much info I didn't remember when she said to take it) so just a little while ago my sugar went down to 139...what does that mean? 
For a little bit more background I use to go the gym a lot through out my 20s and use to eat relatively healthy. I stopped going to the gym around the age of 27 but I was still active through blue collar work but last year I took the leap of faith quit my job and started doing gig apps so while I was sitting down in my car I would intake a lot of junk food and a whole lot of sugary drinks no exercise what so ever. (I would drink about 3 large sodas from race trac a day and then buy a gallon of juice and finish that bad boy in two days while slamming down a whole lot of wings burgers and fries and taco bell and the whole 9 no sort of self control last year)",Type 2,False
1jrn9iu,Why do we have so much diarrhea ðŸ˜­,32,0.92,2025-04-04 17:30:34,Frequent_Thought_867,36,/r/diabetes/comments/1jrn9iu/why_do_we_have_so_much_diarrhea/,https://www.reddit.com/r/diabetes/comments/1jrn9iu/why_do_we_have_so_much_diarrhea/,True,"I'm taking ozempic and metformin, and tmi but the diarrhea is killing me. *Send prayers* ðŸ˜­ðŸ¥² on a side note I lost 5 lbs in a month so far. ",Type 2,False
1jrjfr6,Snacks to eat?,3,0.8,2025-04-04 14:47:52,skilledgamer55,20,/r/diabetes/comments/1jrjfr6/snacks_to_eat/,https://www.reddit.com/r/diabetes/comments/1jrjfr6/snacks_to_eat/,True,"So I'm not too sure i have diabetes, in fact I probably don't, not yet, but my family (my moms side) has a history of getting it sooner or later. Basically everyone there has it. So I feel its safe to say I will get it soon, especially because- I love snacks. Mosty chips and spicy food. I'm Mexican lol

I'm wondering if there are any options for a guy like me? I've been looking at nutri grain bars and veggie straws but apparently those won't help, but I could be wrong. Anything would help.",Prediabetic,False
1jriry0,Reset on my diabetes 2,3,0.8,2025-04-04 14:20:02,Dangerous_Fee_4134,6,/r/diabetes/comments/1jriry0/reset_on_my_diabetes_2/,https://www.reddit.com/r/diabetes/comments/1jriry0/reset_on_my_diabetes_2/,True,"Iâ€™ve been on vacation for a week and honestly, Iâ€™ve been horrible with my diet. Do you all have any tips on how to reset after a vacation? ",Type 2,False
1jriha2,"""Scientists Identify Cellular â€œSwitchâ€ That May Reverse Diabetes",96,0.91,2025-04-04 14:07:22,allmediareviews,50,/r/diabetes/comments/1jriha2/scientists_identify_cellular_switch_that_may/,https://www.reddit.com/r/diabetes/comments/1jriha2/scientists_identify_cellular_switch_that_may/,True,"Unsure how much if at all this has been discussed here (I just joined this sub this past week, but have had Diabetes since late in 2019).

this article talking about ISRIB a form of treatment that may be able to reverse Type II. Its been tested on mice at the University of Michigan.  
  
ISRIB I guess may be able to reverse the damaged Mitochondria cells.

[https://scitechdaily.com/scientists-identify-cellular-switch-that-may-reverse-diabetes/](https://scitechdaily.com/scientists-identify-cellular-switch-that-may-reverse-diabetes/)",Type 2,False
1jriah8,Need help keeping sugar levels up at night,2,1.0,2025-04-04 13:59:49,Datawhisperer-cherie,5,/r/diabetes/comments/1jriah8/need_help_keeping_sugar_levels_up_at_night/,https://www.reddit.com/r/diabetes/comments/1jriah8/need_help_keeping_sugar_levels_up_at_night/,True,"I  (50f) was diagnosed 3 1/2 years ago as type 2. Iâ€™m on metformin 500mg 1x a day and ozempic 2mg once a week.  My last a1c was 5.2. After my diagnosis, I changed my diet and it was considered controlled within 3 months (3 mth post diagnosis I went from 8.1 to 5.9 a1c). But I nearly any carb (even things like lentils and oats) would spike my sugar levels. And Iâ€™m not a vegetarian but I donâ€™t love meat, so it was a struggle. Which is why I went on ozempic, I was hoping it would give me more flexibility (which it did).

Ive lost 60ish pounds since starting ozempic. In addition, Iâ€™ve had knee problems since I was a child and had my knee replaced last year. This has greatly improved my mobility. And now that the nice weather is here Iâ€™ve been taking my dogs for leisurely 2 miles walks most days. This is in addition to strength training I do 2-3 times/week (itâ€™s nothing crazy).

However now Iâ€™ve been struggling with low sugar levels at night that sets off my cgm alarms multiple times a night. I even have a scoop of ice cream at night and still get that lows. 

Iâ€™m not used to having to deal with this and itâ€™s affecting my sleep. Any suggestions of what I can do?


Edit:  thanks all  for the suggestions ðŸ˜Š I truly appreciate it",Type 2,False
1jri8j8,A1C down to 5.9,29,0.98,2025-04-04 13:57:32,ShaxxsSon,9,/r/diabetes/comments/1jri8j8/a1c_down_to_59/,https://www.reddit.com/r/diabetes/comments/1jri8j8/a1c_down_to_59/,True,"At my worst (about 2 years ago), my A1C was 13.3 and I was hospitalized for nearly a week for DKA. I was in a bad place mentally and wasn't taking care of myself at all really. That hospitalization was a real wake up for me, after that I realized, I couldn't keep doing what I was doing if I wanted to continue living. 

I started taking my meds daily, which I wasn't doing before. I started actually caring about what I ate and cut out a lot of excess sugar and carbs out of my diet. Not to say I don't eat stuff with sugar and carbs now, it's just in moderation. I started going to the gym twice a week.

Over time I started feeling better, both mentally and psychically. I lost weight, down to 163lbs, and I'm just proud of myself, not only for reaching a healthy weight but for taking control of this condition. 

It's been a bit of a bumpy road, changing eating habits I've had since childhood ain't easy, and I've had to change medications 3 times to find something that works well for me (currently on Metformin ER 1000mg daily). At my most recent endo appointment my A1C was down to 5.9 and I was honestly really happy to hear that considering where I was 2 years ago.

I wanted to post this to hopefully give others some motivation and hope that it can get better. Living with this condition isn't easy, and a lot of people don't understand the struggles we go through.

This disease isn't all doom and gloom. You got this. ",Type 2,False
1jrhxh8,Partial Fill on Insulin?,1,1.0,2025-04-04 13:44:13,guillotine83,9,/r/diabetes/comments/1jrhxh8/partial_fill_on_insulin/,https://www.reddit.com/r/diabetes/comments/1jrhxh8/partial_fill_on_insulin/,True,"this seems odd.

(US-based)

Fiasp has been back ordered and hard to obtain for my pharmacy for some reason.

I have a 25.00 copay for a 30 day supply.

Pharmacy fills the Rx for 15, charges the 25.00 copay. When i asked, the pharmacist replied, â€œthis was all we had. check back when this gets low and weâ€™ll see if we can get more orderedâ€¦â€

okay but that is NOT how partial fills work? arenâ€™t they supposed to fill it within 72 hours? Why tf would i pay twice for one month of medicine?

lol. Iâ€™m getting so confused.",Type 1,False
1jrgvq9,Suck it Beetus!,405,0.99,2025-04-04 13:00:29,genitalderpies,14,/r/diabetes/comments/1jrgvq9/suck_it_beetus/,https://i.redd.it/3uuf9x55nuse1.jpeg,False,,Type 2,False
1jrdrls,Accu-chek 3.15ml cartridge supply,2,1.0,2025-04-04 10:51:02,FuturePilotPA28,0,/r/diabetes/comments/1jrdrls/accuchek_315ml_cartridge_supply/,https://www.reddit.com/r/diabetes/comments/1jrdrls/accuchek_315ml_cartridge_supply/,True,"I live in the UK and have not been able to get a straight answer anywhere about when the supply will resume. Iâ€™ve called Accu-chek and so has my doctorâ€™s office. No one seems to know anything. 

Luckily I received a box of cartridges just before the announcement came in Nov 2024. Iâ€™ve found that not all of them are faulty. Those that arenâ€™t I am reusing a couple times in a bid to make my supply last longer, but this can only go on so long.

I am due a pump upgrade in December anyway. I guess I might need to bring that forward. 

Has anyone heard anything new lately? Even a rumour? ",Type 1,False
1jrcqkd,Pedicure is no longer enjoyable,2,1.0,2025-04-04 10:07:07,HedwigGoesHoot,4,/r/diabetes/comments/1jrcqkd/pedicure_is_no_longer_enjoyable/,https://www.reddit.com/r/diabetes/comments/1jrcqkd/pedicure_is_no_longer_enjoyable/,True,I havenâ€™t had a pedicure since August last year. Was diagnosed a month ago. My feet feel so sensitive and the pedicure was not enjoyable at all. ,Type 2,False
1jr9jlr,Mom (t2)'s doctor recommended her this diet because her sugar levels + blood pressure is high?,21,0.96,2025-04-04 07:26:12,countingc,35,/r/diabetes/comments/1jr9jlr/mom_t2s_doctor_recommended_her_this_diet_because/,https://www.reddit.com/r/diabetes/comments/1jr9jlr/mom_t2s_doctor_recommended_her_this_diet_because/,True,"we live in a third world country so you can imagine  we don't exactly have great health care.    
The reason I'm asking is because genuinely cannot afford another opinion (this was the second opinion, the first guy said her chest pain is just because of the high sugar levels) - I have to ask because it seems like an odd diet to us? it also contradicts everything we learnt about what food is permissable.  

she doesn't take insulin but takes sulfonylureas    
  
he prescribed her these food:    
\- beef    
\- lamb and goat meat    
\- fats (?)    
\- liver    
\- offal    
    
\- eggs (all types)    
\- sardines    
\- chicken    
\- turkey    
\- rabbit meat    
\- duck     
    
\- butter    
    
\- lettuce  
\- zuchinni    
\- cucumber    
\- artichoke    
\- olives    
\- avocadoes 

he also said absolutely no to plant oils, grains, nuts    
    
said to continue consuming salt and even bashed other doctors for banning their patients from having salt?    
    
    
",Type 2,False
1jr8b4s,Can intense workouts have impacts on blood sugar levels?,6,1.0,2025-04-04 06:05:16,ChimkenNuggieEnjoyer,20,/r/diabetes/comments/1jr8b4s/can_intense_workouts_have_impacts_on_blood_sugar/,https://www.reddit.com/r/diabetes/comments/1jr8b4s/can_intense_workouts_have_impacts_on_blood_sugar/,True,"Hello everyone I just had some questions regarding working out with diabetes. Iâ€™ve had type 2 since I was 13 (24 now) and lately iâ€™ve been noticing my sugars being out of whack recently more than normal. For some context I honestly treated my body terrible as a teenager ate bad and never worked out but a1c was 5.8. Nowadays my a1c is in the 7s with constant high sugars that seem to be a mess to control and the only things I can say that changed in my life is working out like lifting, boxing and other muscle exercises but also drink zero sugar energy drinks when working out so im not sure what to think. Sorry if this is a stupid question i appreciate any input.",Type 2,False
1jr825i,2 hours after eating,20,0.96,2025-04-04 05:48:05,Inner_Ninja_2266,5,/r/diabetes/comments/1jr825i/2_hours_after_eating/,https://www.reddit.com/r/diabetes/comments/1jr825i/2_hours_after_eating/,True,"I had a rump steak, carrots,broccoli and cauliflower with a cup of brown rice. I was 7.5 so i checked it an hour later and i was down to 5.4 so i was happy with that. Had a glass of milk and now off to beddy byes. Just thought id share this.",Type 2,False
1jr5cei,Unpredictable Sugars When Drinking Alcohol? PLEASE Help,0,0.5,2025-04-04 02:28:44,ms_pavlov,5,/r/diabetes/comments/1jr5cei/unpredictable_sugars_when_drinking_alcohol_please/,https://www.reddit.com/r/diabetes/comments/1jr5cei/unpredictable_sugars_when_drinking_alcohol_please/,True,"Tldr: Type 1 for 20 years, still don't understand how alcohol affects my BG

Ok so bit of backstory I guess, diagnosed at 9, through my mid-late teen years and early-mid 20's had HORRIBLE control. Nearly 10 episodes of DKA, going for over a month at times without a single BG check, NEVER checking in with my diabetes team. 

I guess somewhere in there I missed the 'drinking' talk?

Back in November I FINALLY got a pump, and I've been able to get much better control. 

I've noticed though that when I drink, my blood sugar just drops through the floor. And for context, I almost exclusively drink double vodka tonics or canned vodka mixed drinks (full sugar. Think Tahiti Treat, Hard Arizona Peach Iced Tea, Twisted Tea, etc)

Now there's gotta be a LOT of sugar in those. And even when I stopped bolusng for the tonic water (same carb count as a regular coke, which surprised some people) I STILL drop. 

Tonight, between 9:30pm and 1am, I had 4 double vodka tonics. At 12:50, I was 17.0 and double arrows spiking. Incredibly unexpected. Control IQ on my tslim X2 was trying but still couldn't get it down. So when I ordered my fourth drink, I bolused for 30g (what would've been in the tonic water)

Now at 2am, I'm 2.8 and dropping. Less than an hour ago, I was 12.2. 

Why is it SO unpredictable? How do I plan for this?? I'm so in the dark here, and as I'm sure y'all know, being drunk AND low is an absolute nightmare. 

I've had 2 juice boxes and a couple small handfuls of gummy bears, BG steadily coming back up, but that was scary. 

Please help, I don't know what to do anymore when I want to drink. ",Type 1,False
1jr2x7f,What's better - snack to prevent dawn phenomenon vs. fasting,1,1.0,2025-04-03 23:59:01,superlative-laziness,5,/r/diabetes/comments/1jr2x7f/whats_better_snack_to_prevent_dawn_phenomenon_vs/,https://www.reddit.com/r/diabetes/comments/1jr2x7f/whats_better_snack_to_prevent_dawn_phenomenon_vs/,True,"For the last couple of weeks, my fasting glucose has been increasing and I feel it could be dawn phenomenon. Not just glucose when I wake up but overnight numbers have been consistently over 100 (previous numbers were in 8s)

I've been reading that eating a snack before bed could help with dawn phenomenon. But I also know that fasting for a longer time also helps with insulin sensitivity 

In my case, I'm confused if I should prioritize preventing dawn phenomenon over improving insulin sensitivity (or the other way around ) 

Any one who dealt with this situation has any thoughts? ",Type 2,False
1jr2qsk,"Thankfully, my glucose is back down to 108. And sure, I realize everybody's body reacts differently. But this became a reminder that discipline and sometimes refusal is always better even if you didn't want to waste what you paid for. My entree was a salad.",65,0.97,2025-04-03 23:49:02,TheNoobsauce1337,7,/r/diabetes/comments/1jr2qsk/thankfully_my_glucose_is_back_down_to_108_and/,https://i.redd.it/jxz9954ypqse1.jpeg,False,,Type 2,False
1jr2khh,Really sick these past 2/3 weeks,1,1.0,2025-04-03 23:39:14,LoveHardens,2,/r/diabetes/comments/1jr2khh/really_sick_these_past_23_weeks/,https://www.reddit.com/r/diabetes/comments/1jr2khh/really_sick_these_past_23_weeks/,True,"Hi everyone Iâ€™m type two and Iâ€™m very insulin dependent, type two runs in my family and itâ€™s annoying. My body doesnâ€™t produce insulin, so I need insulin pumping in me.

I ran out of insulin and I canâ€™t afford new one because of health care issues. My blood sugar has been all types of messed up and itâ€™s been going from super high to super low very quickly.

Iâ€™m getting dizziness, I canâ€™t eat anything without throwing up. I just canâ€™t function at all.

Getting constant cramps, going unconscious and Iâ€™m feeling worse by the day. 

Went to the hospital and they gave me iv and insulin and stuff but Iâ€™m back the same. I probably need to see someone more in dept with this but canâ€™t afford it. 

Iâ€™ve never felt this way before, and Iâ€™m scared.",Type 2,False
1jr1ztl,My initial A1C results might have been faulty and it's driving me nuts.,2,0.75,2025-04-03 23:08:23,IslandFearless2925,8,/r/diabetes/comments/1jr1ztl/my_initial_a1c_results_might_have_been_faulty_and/,https://www.reddit.com/r/diabetes/comments/1jr1ztl/my_initial_a1c_results_might_have_been_faulty_and/,True,"Short version of an incredibly long story: About a year ago I had an AWFUL cellulitis infection and 360+ blood sugar. A few days later (and a couple of antibiotics) my sugars had dropped to 130. They measured my A1C at 11.5 the same day.

45 days later my A1C was 6.2.

Three months after that, my A1C was 5.2.

During my last checkup, the same doctor who measured my A1C told me the initial test might have been faulty, or the infection might have skewed the results. She's referring me to another endocrinologist for a second opinion.

I'm not trying to look for zebras in a horse pasture. There is a 99.99% chance I'm Type 2. I have risk factors, a family history of diabetes and all kinds of pancreatic fuckery, so I accepted it outright. I was actually kind of proud of myself, because from those results it looked like I was kicking diabetes in its butt. Now, things aren't so concrete. And I HAVE to know going forward for my medical map.

More doctors. More tests. More money. More time.

I accept that I'm diabetic. No one wants diabetes, fucking of course not. I accept it. I've gone through the grieving process, and I've accepted it. And I'm still going to live like I am a diabetic, there's no reason not to. I'm stronger than I was a year ago, my diet is better, my weight is better... I'm living better.  
  
But dammit, I want a concrete answer. 10 years ago a whole other situation happened to me where I had either a full misdiagnosis or a medical fucking miracle where a tumor just disappeared. It was a nightmare to handle, and a full on BAMBOOZLEMENT to process.

I have the appointment in May where I'll get my answer one way or another. It's just frustrating to not 'know'. To have the glimmer of 'oh shit, maybe not', that you have to quash down really quickly because you don't want to get your hopes up. To pick at old scabs and find they won't heal. To not be able to talk about it with your friends, because then THEY start hoping and wishing you the best and you have to quash THOSE good vibes.

Just once, give me a straight answer, doctors/universe/karma/fate. Once.",Rant,False
1jr1wtn,Extremely happy with my results,12,0.94,2025-04-03 23:03:54,HinterlandSanctifier,4,/r/diabetes/comments/1jr1wtn/extremely_happy_with_my_results/,https://www.reddit.com/r/diabetes/comments/1jr1wtn/extremely_happy_with_my_results/,True,"I found out that I was diabetic in September 2024. Fasting glucose levels were at 397 and A1C was 12.3

Fast forward 6 months, ~16kg less, 1 pill (Xigduo) a day and I just got my latest results. A1C down to 6.4 and fasting glucose at freaking 88!!!

Man, I'm so freaking happy!!! Keeps me motivated to keep it going",Type 2,False
1jr14vj,Freestyle libre 2!,1,1.0,2025-04-03 22:22:59,DapperRusticTermite8,2,/r/diabetes/comments/1jr14vj/freestyle_libre_2/,https://www.reddit.com/r/diabetes/comments/1jr14vj/freestyle_libre_2/,True,"Is anyone having terrible luck with the libre 2 scanning and reading on the app? I have two from the same serial and lot number that I applied and scanned today, and neither worked. Iâ€™m furious because Iâ€™m now out $300 (counting one I lost a month back) and the sensors they replace arenâ€™t compatible with my new geographic location so I canâ€™t even have them replaced. 

What do I do?! (Aside from checking manually which I have been doing) ",Type 1,False
1jqzmdy,Pump advice.,1,1.0,2025-04-03 21:05:25,AlternativeAd7400,1,/r/diabetes/comments/1jqzmdy/pump_advice/,https://www.reddit.com/r/diabetes/comments/1jqzmdy/pump_advice/,True,"Tubeless vs Tube why or why not?

Iâ€™ve been offered a new pump since my current one has so many issues. My current one is tubeless and I havenâ€™t had that many issues with it, I can sauna with it etc. 

But now that Iâ€™ve been offered a new pump, I have to make the choice between tube or not. 

The reason I didnâ€™t opt in for a tube pump the first time around was because I thought I would go insane sleeping with it (I already have a bunch of issues with falling asleep) 
But Iâ€™ve started living a much more active life now, I bathe on the beach weekly, sauna and a bunch of other stuff, and the thought of being able to just detach your pump for 15 minutes sounds awesome, so Iâ€™m really split on this. 

So I was wondering, what are your guys input on this. Tubeless vs Tube. Why and why not? ",Type 1,False
1jqz788,My first three months results,13,0.94,2025-04-03 20:44:29,tow-avvay,8,/r/diabetes/comments/1jqz788/my_first_three_months_results/,https://www.reddit.com/r/diabetes/comments/1jqz788/my_first_three_months_results/,True,"A1C 

January 8.8
April 1st: 5.2

Mounjaro 5mg (now)
Metformin 500mg

Complete nutrional overhaul. ",Type 2,False
1jqz0ci,Being Consistent,2,1.0,2025-04-03 20:34:47,hunny_bby,3,/r/diabetes/comments/1jqz0ci/being_consistent/,https://www.reddit.com/r/diabetes/comments/1jqz0ci/being_consistent/,True,"Does anyone have any good advice for people that are late with properly managing their diabetes? Iâ€™m 23, got diagnosed with Type 1 when I was 18 months and have only recently started â€œtaking things seriouslyâ€ at 21. Iâ€™ve made changes to my diet and have gotten my blood sugar levels down but still struggle to keep them steady. Right now Iâ€™m dealing with sudden low readings, which has happened before. My doctor told me I need more protein in my diet but consciously consuming anything is tiring. 

Being consistent is tiring. Developing a routine is hard for me cuz Iâ€™m a person that hates repetition, whether it be for workouts, dieting, hygiene, etc. I know I can switch things up on a daily basis to keep a routine more lively, but I still end up getting tired of the routine. My inability to maintain consistency is my biggest setback when it comes to me bettering my health, and I imagine others have struggled with it before. I just want some tips on how to make a routine more tolerable or enjoyable, or how to get over myself and just push through it.

I know therapy would help a lot with developing better habits, but I currently canâ€™t afford to go on a regular basis so thatâ€™s out of the question lol",Discussion,False
1jqyd7x,Figuring your i:C ratio works in getting your A1C down!,3,0.8,2025-04-03 20:03:53,Tsukiko08,0,/r/diabetes/comments/1jqyd7x/figuring_your_ic_ratio_works_in_getting_your_a1c/,https://www.reddit.com/r/diabetes/comments/1jqyd7x/figuring_your_ic_ratio_works_in_getting_your_a1c/,True,"The last time I had my a1c checked was in January, and I was still getting my I:C ratio down. A1c then was at a 9.4% Finally figured things out and my A1C is a 7.1 now!

It'll be a bit rough because I'm transitioning to a pump later this month after my surgery, but I have made progress and I'm proud of that.",Type 1.5/LADA,False
1jqy7zq,omnipods and hair - how to make em stick,1,1.0,2025-04-03 19:57:27,Wise-Dependent-850,3,/r/diabetes/comments/1jqy7zq/omnipods_and_hair_how_to_make_em_stick/,https://www.reddit.com/r/diabetes/comments/1jqy7zq/omnipods_and_hair_how_to_make_em_stick/,True,"okay, so this post is genuinely me just trying to seek advice from other type 1 diabetics who are male and/or very hairy


everytime i put my pods on my legs, they never stick. even using covers, theres no stick. im getting quite annoyed with having to worry about shaving my legs every few days to put pods on (being trans too, it can be kind of uncomfortable having bare legs). ive never had many problems with pods not sticking where ive had hair until only recently and its really frustrating me. 

any advice on what i can do besides simply avoiding the area is appreciated",Type 1,False
1jqy0x9,How does honey affect you?,7,0.68,2025-04-03 19:48:07,Durghan,54,/r/diabetes/comments/1jqy0x9/how_does_honey_affect_you/,https://www.reddit.com/r/diabetes/comments/1jqy0x9/how_does_honey_affect_you/,True,I've seen thing that seem to indicate the type of sugar in honey doesn't cause glucose spikes. Has anyone here tested that? How does honey affect you?,Type 2,False
